{
  "properties": {
    "connectionReferences": {
      "shared_azure-20openai-20-2d-20completions-20-5f5558574-acbd08339845e8b2": {
        "runtimeSource": "invoker",
        "connection": {
          "connectionReferenceLogicalName": "azopenai_sharedazure20openai202d20completions205f5558574acbd08339845e8b2_23769"
        },
        "api": {
          "name": "shared_azure-20openai-20-2d-20completions-20-5f5558574-acbd08339845e8b2"
        }
      }
    },
    "definition": {
      "$schema": "https://schema.management.azure.com/providers/Microsoft.Logic/schemas/2016-06-01/workflowdefinition.json#",
      "contentVersion": "1.0.0.0",
      "parameters": {
        "$connections": {
          "defaultValue": {},
          "type": "Object"
        },
        "$authentication": {
          "defaultValue": {},
          "type": "SecureObject"
        }
      },
      "triggers": {
        "manual": {
          "metadata": {
            "operationMetadataId": "dd9e0363-055d-4b6b-a5b3-d38c7adc1a66"
          },
          "type": "Request",
          "kind": "Button",
          "inputs": {
            "schema": {
              "type": "object",
              "properties": {
                "text": {
                  "title": "myprompt",
                  "type": "string",
                  "x-ms-dynamically-added": true,
                  "description": "Please enter your input",
                  "x-ms-content-hint": "TEXT"
                },
                "number": {
                  "title": "mymax_tokens",
                  "type": "number",
                  "x-ms-dynamically-added": true,
                  "description": "Please enter a number",
                  "x-ms-content-hint": "NUMBER"
                },
                "number_1": {
                  "title": "mytemperature",
                  "type": "number",
                  "x-ms-dynamically-added": true,
                  "description": "Please enter a number",
                  "x-ms-content-hint": "NUMBER"
                }
              },
              "required": [
                "text",
                "number",
                "number_1"
              ]
            }
          }
        }
      },
      "actions": {
        "Completions": {
          "runAfter": {},
          "metadata": {
            "operationMetadataId": "6671e929-ba4c-4fa6-959c-fb4895a6a364"
          },
          "type": "OpenApiConnection",
          "inputs": {
            "host": {
              "connectionName": "shared_azure-20openai-20-2d-20completions-20-5f5558574-acbd08339845e8b2",
              "operationId": "Completions",
              "apiId": "/providers/Microsoft.PowerApps/apis/shared_azure-20openai-20-2d-20completions-20-5f5558574-acbd08339845e8b2"
            },
            "parameters": {
              "deployment-id": "PPDeployment",
              "api-version": "2022-12-01",
              "Content-Type": "application/json",
              "body/prompt": "@triggerBody()['text']",
              "body/max_tokens": "@triggerBody()['number']",
              "body/temperature": "@triggerBody()['number_1']"
            },
            "authentication": {
              "type": "Raw",
              "value": "@json(decodeBase64(triggerOutputs().headers['X-MS-APIM-Tokens']))['$ConnectionKey']"
            }
          }
        }
      }
    },
    "templateName": null
  },
  "schemaVersion": "1.0.0.0"
}