<ImportExportXml xmlns:xsi="http://www.w3.org/2001/XMLSchema-instance">
  <Entities></Entities>
  <Roles></Roles>
  <Workflows>
    <Workflow WorkflowId="{30d20e12-050e-ee11-8f6d-000d3a99c0d5}" Name="CustomConnector">
      <JsonFileName>/Workflows/CustomConnector-30D20E12-050E-EE11-8F6D-000D3A99C0D5.json</JsonFileName>
      <Type>1</Type>
      <Subprocess>0</Subprocess>
      <Category>5</Category>
      <Mode>0</Mode>
      <Scope>4</Scope>
      <OnDemand>0</OnDemand>
      <TriggerOnCreate>0</TriggerOnCreate>
      <TriggerOnDelete>0</TriggerOnDelete>
      <AsyncAutodelete>0</AsyncAutodelete>
      <SyncWorkflowLogOnFailure>0</SyncWorkflowLogOnFailure>
      <StateCode>1</StateCode>
      <StatusCode>2</StatusCode>
      <RunAs>1</RunAs>
      <IsTransacted>1</IsTransacted>
      <IntroducedVersion>1.0.0.0</IntroducedVersion>
      <IsCustomizable>1</IsCustomizable>
      <BusinessProcessType>0</BusinessProcessType>
      <IsCustomProcessingStepAllowedForOtherPublishers>1</IsCustomProcessingStepAllowedForOtherPublishers>
      <PrimaryEntity>none</PrimaryEntity>
      <LocalizedNames>
        <LocalizedName languagecode="1033" description="CustomConnector" />
      </LocalizedNames>
    </Workflow>
    <Workflow WorkflowId="{b71c7fc2-6bfc-ed11-8f6e-000d3a99c0d5}" Name="PowerAppsWithAzureOpenAI">
      <JsonFileName>/Workflows/PowerAppsWithAzureOpenAI-B71C7FC2-6BFC-ED11-8F6E-000D3A99C0D5.json</JsonFileName>
      <Type>1</Type>
      <Subprocess>0</Subprocess>
      <Category>5</Category>
      <Mode>0</Mode>
      <Scope>4</Scope>
      <OnDemand>0</OnDemand>
      <TriggerOnCreate>0</TriggerOnCreate>
      <TriggerOnDelete>0</TriggerOnDelete>
      <AsyncAutodelete>0</AsyncAutodelete>
      <SyncWorkflowLogOnFailure>0</SyncWorkflowLogOnFailure>
      <StateCode>1</StateCode>
      <StatusCode>2</StatusCode>
      <RunAs>1</RunAs>
      <IsTransacted>1</IsTransacted>
      <IntroducedVersion>1.0.0.0</IntroducedVersion>
      <IsCustomizable>1</IsCustomizable>
      <BusinessProcessType>0</BusinessProcessType>
      <IsCustomProcessingStepAllowedForOtherPublishers>1</IsCustomProcessingStepAllowedForOtherPublishers>
      <PrimaryEntity>none</PrimaryEntity>
      <LocalizedNames>
        <LocalizedName languagecode="1033" description="PowerAppsWithAzureOpenAI" />
      </LocalizedNames>
    </Workflow>
    <Workflow WorkflowId="{c4287d25-71fc-ed11-8f6e-000d3a99c0d5}" Name="Teams flow with Azure OpenAI">
      <JsonFileName>/Workflows/TeamsflowwithAzureOpenAI-C4287D25-71FC-ED11-8F6E-000D3A99C0D5.json</JsonFileName>
      <Type>1</Type>
      <Subprocess>0</Subprocess>
      <Category>5</Category>
      <Mode>0</Mode>
      <Scope>4</Scope>
      <OnDemand>0</OnDemand>
      <TriggerOnCreate>0</TriggerOnCreate>
      <TriggerOnDelete>0</TriggerOnDelete>
      <AsyncAutodelete>0</AsyncAutodelete>
      <SyncWorkflowLogOnFailure>0</SyncWorkflowLogOnFailure>
      <StateCode>1</StateCode>
      <StatusCode>2</StatusCode>
      <RunAs>1</RunAs>
      <IsTransacted>1</IsTransacted>
      <IntroducedVersion>1.0.0.0</IntroducedVersion>
      <IsCustomizable>1</IsCustomizable>
      <BusinessProcessType>0</BusinessProcessType>
      <IsCustomProcessingStepAllowedForOtherPublishers>1</IsCustomProcessingStepAllowedForOtherPublishers>
      <PrimaryEntity>none</PrimaryEntity>
      <LocalizedNames>
        <LocalizedName languagecode="1033" description="Teams flow with Azure OpenAI" />
      </LocalizedNames>
    </Workflow>
    <Workflow WorkflowId="{1a5d972f-84fc-ed11-8f6e-000d3a99c0d5}" Name="Personal Knowledge Bot Azure Open AI">
      <JsonFileName>/Workflows/PersonalKnowledgeBotAzureOpenAI-1A5D972F-84FC-ED11-8F6E-000D3A99C0D5.json</JsonFileName>
      <Type>1</Type>
      <Subprocess>0</Subprocess>
      <Category>5</Category>
      <Mode>0</Mode>
      <Scope>4</Scope>
      <OnDemand>0</OnDemand>
      <TriggerOnCreate>0</TriggerOnCreate>
      <TriggerOnDelete>0</TriggerOnDelete>
      <AsyncAutodelete>0</AsyncAutodelete>
      <SyncWorkflowLogOnFailure>0</SyncWorkflowLogOnFailure>
      <StateCode>1</StateCode>
      <StatusCode>2</StatusCode>
      <RunAs>1</RunAs>
      <IsTransacted>1</IsTransacted>
      <IntroducedVersion>1.0.0.0</IntroducedVersion>
      <IsCustomizable>1</IsCustomizable>
      <BusinessProcessType>0</BusinessProcessType>
      <IsCustomProcessingStepAllowedForOtherPublishers>1</IsCustomProcessingStepAllowedForOtherPublishers>
      <PrimaryEntity>none</PrimaryEntity>
      <LocalizedNames>
        <LocalizedName languagecode="1033" description="Personal Knowledge Bot Azure Open AI" />
      </LocalizedNames>
    </Workflow>
  </Workflows>
  <FieldSecurityProfiles></FieldSecurityProfiles>
  <Templates />
  <EntityMaps />
  <EntityRelationships />
  <OrganizationSettings />
  <optionsets />
  <CustomControls />
  <EntityDataProviders />
  <CanvasApps>
    <CanvasApp>
      <Name>azopenai_powerappswithazureopenai_58ee0</Name>
      <AppVersion>2023-05-23T17:37:40Z</AppVersion>
      <Status>Ready</Status>
      <CreatedByClientVersion>3.23051.23.0</CreatedByClientVersion>
      <MinClientVersion>3.23051.23.0</MinClientVersion>
      <Tags>{"primaryDeviceWidth":"1366","primaryDeviceHeight":"768","supportsPortrait":"true","supportsLandscape":"true","primaryFormFactor":"Tablet","publisherVersion":"3.23051.23","minimumRequiredApiVersion":"2.2.0","hasComponent":"false","hasUnlockedComponent":"false","isUnifiedRootApp":"false","sienaVersion":"20230523T173740Z-3.23051.23.0"}</Tags>
      <IsCdsUpgraded>0</IsCdsUpgraded>
      <GalleryItemId xsi:nil="true"></GalleryItemId>
      <BackgroundColor>RGBA(0,176,240,1)</BackgroundColor>
      <DisplayName>Power Apps with Azure Open AI</DisplayName>
      <Description xsi:nil="true"></Description>
      <CommitMessage xsi:nil="true"></CommitMessage>
      <Publisher xsi:nil="true"></Publisher>
      <AuthorizationReferences>[]</AuthorizationReferences>
      <ConnectionReferences>{"1bf2f5c1-3703-4382-88dd-fc47ddcdec85":{"id":"/providers/microsoft.powerapps/apis/shared_logicflows","displayName":"Logic flows","iconUri":"https://connectoricons-prod.azureedge.net/releases/v1.0.1615/1.0.1615.3163/logicflows/icon.png","dataSources":["PowerAppsWithAzOpenAIFlow"],"dependencies":[],"dependents":[],"parameterHints":{"workflowName":{"value":"678fb861-ce03-4608-ac08-b29a1f7fa8f1"},"workflowEntityId":{}},"parameterHintsV2":{"workflowName":{"value":"678fb861-ce03-4608-ac08-b29a1f7fa8f1"},"workflowEntityId":{}},"isOnPremiseConnection":false,"bypassConsent":false,"dataSets":{},"apiTier":"Standard","actions":["Run"]}}</ConnectionReferences>
      <DatabaseReferences>{}</DatabaseReferences>
      <AppComponents>[]</AppComponents>
      <AppComponentDependencies>[]</AppComponentDependencies>
      <CanConsumeAppPass>1</CanConsumeAppPass>
      <CanvasAppType>0</CanvasAppType>
      <BypassConsent>0</BypassConsent>
      <AdminControlBypassConsent>0</AdminControlBypassConsent>
      <EmbeddedApp xsi:nil="true"></EmbeddedApp>
      <IntroducedVersion>1.0</IntroducedVersion>
      <CdsDependencies>{"cdsdependencies":[]}</CdsDependencies>
      <IsCustomizable>1</IsCustomizable>
      <BackgroundImageUri>/CanvasApps/azopenai_powerappswithazureopenai_58ee0_BackgroundImageUri</BackgroundImageUri>
      <DocumentUri>/CanvasApps/azopenai_powerappswithazureopenai_58ee0_DocumentUri.msapp</DocumentUri>
    </CanvasApp>
    <CanvasApp>
      <Name>azopenai_personalknowledgebotazureopenai_7d212</Name>
      <AppVersion>2023-06-16T15:51:53Z</AppVersion>
      <Status>Ready</Status>
      <CreatedByClientVersion>3.23055.18.0</CreatedByClientVersion>
      <MinClientVersion>3.23055.18.0</MinClientVersion>
      <Tags>{"primaryDeviceWidth":"1366","primaryDeviceHeight":"768","supportsPortrait":"true","supportsLandscape":"true","primaryFormFactor":"Tablet","publisherVersion":"3.23055.18","minimumRequiredApiVersion":"2.2.0","hasComponent":"false","hasUnlockedComponent":"false","isUnifiedRootApp":"false","sienaVersion":"20230527T114218Z-3.23051.33.0"}</Tags>
      <IsCdsUpgraded>0</IsCdsUpgraded>
      <GalleryItemId xsi:nil="true"></GalleryItemId>
      <BackgroundColor>rgba(255, 0, 0, 1)</BackgroundColor>
      <DisplayName>Personal Knowledge Bot Azure OpenAI</DisplayName>
      <Description xsi:nil="true"></Description>
      <CommitMessage>Removed Comments on Buttons 16 June</CommitMessage>
      <Publisher xsi:nil="true"></Publisher>
      <AuthorizationReferences>[]</AuthorizationReferences>
      <ConnectionReferences>{"81d927b8-9693-408a-b44b-d113d2399310":{"id":"/providers/microsoft.powerapps/apis/shared_logicflows","displayName":"Logic flows","iconUri":"https://connectoricons-prod.azureedge.net/releases/v1.0.1636/1.0.1636.3297/logicflows/icon.png","dataSources":["PersonalKnowledgeBotAzureOpenAI"],"dependencies":[],"dependents":[],"parameterHints":{"workflowName":{"value":"6ee03794-6e6d-4197-b84e-8884ae5f72ea"},"workflowEntityId":{"value":"1a5d972f-84fc-ed11-8f6e-000d3a99c0d5"}},"parameterHintsV2":{"workflowName":{"value":"6ee03794-6e6d-4197-b84e-8884ae5f72ea"},"workflowEntityId":{"value":"1a5d972f-84fc-ed11-8f6e-000d3a99c0d5"}},"isOnPremiseConnection":false,"bypassConsent":false,"dataSets":{},"apiTier":"Standard","actions":["Run"]}}</ConnectionReferences>
      <DatabaseReferences>{}</DatabaseReferences>
      <AppComponents>[]</AppComponents>
      <AppComponentDependencies>[]</AppComponentDependencies>
      <CanConsumeAppPass>1</CanConsumeAppPass>
      <CanvasAppType>0</CanvasAppType>
      <BypassConsent>0</BypassConsent>
      <AdminControlBypassConsent>0</AdminControlBypassConsent>
      <EmbeddedApp xsi:nil="true"></EmbeddedApp>
      <IntroducedVersion>1.0</IntroducedVersion>
      <CdsDependencies>{"cdsdependencies":[{"dependencyid":"1a5d972f-84fc-ed11-8f6e-000d3a99c0d5","componenttype":29,"componenttypeplatformname":"Workflow"}]}</CdsDependencies>
      <IsCustomizable>1</IsCustomizable>
      <BackgroundImageUri>/CanvasApps/azopenai_personalknowledgebotazureopenai_7d212_BackgroundImageUri</BackgroundImageUri>
      <DocumentUri>/CanvasApps/azopenai_personalknowledgebotazureopenai_7d212_DocumentUri.msapp</DocumentUri>
    </CanvasApp>
  </CanvasApps>
  <connectionreferences>
    <connectionreference connectionreferencelogicalname="azopenai_sharedazure20openai202d20completions205f5558574acbd08339845e8b2_23769">
      <connectionreferencedisplayname>Azure OpenAI - Completions  PowerAppsAzureOpenAI-23769</connectionreferencedisplayname>
      <connectorid>/providers/Microsoft.PowerApps/apis/shared_azure-20openai-20-2d-20completions-20-5f5558574-acbd08339845e8b2</connectorid>
      <iscustomizable>1</iscustomizable>
      <statecode>0</statecode>
      <statuscode>1</statuscode>
    </connectionreference>
    <connectionreference connectionreferencelogicalname="azopenai_sharedteams_579e2">
      <connectionreferencedisplayname>Microsoft Teams PowerAppsAzureOpenAI</connectionreferencedisplayname>
      <connectorid>/providers/Microsoft.PowerApps/apis/shared_teams</connectorid>
      <iscustomizable>1</iscustomizable>
      <statecode>0</statecode>
      <statuscode>1</statuscode>
    </connectionreference>
  </connectionreferences>
  <Languages>
    <Language>1033</Language>
  </Languages>
</ImportExportXml>